"ID","DESCRIPTION","NAME","QUESTION_POOL_ID","POSITION","STATUS"
"1","Test","Test","0","0","1"
"1419359927000","Theorie DatenbankenWird die Lernkarte/Quizfrage 2x richtig beantwortet, dann gilt die Frage als gelernt und erscheint nicht mehr.","Datenbanken III","4","2","1"
"1431798256000","DatenbankenWird die Lernkarte/Quizfrage 2x richtig beantwortet, dann gilt die Frage als gelernt und erscheint nicht mehr.","Datenbanken I","4","0","1"
"1542953946000","","Bildbearbeitung III","3","2","1"
"1556954017000","","Textverarbeitung mit Word I","2","0","1"
"1574189761000","Theorie DatenbankenWird die Lernkarte/Quizfrage 2x richtig beantwortet, dann gilt die Frage als gelernt und erscheint nicht mehr.","Datenbanken II","4","1","1"
"1574190091000","Theorie über Farbmodelle, Grafikformate, Bildkorrekturen Wird die Lernkarte/Quizfrage 2x richtig beantwortet, dann gilt die Frage als gelernt und erscheint nicht mehr.","Bildbearbeitung II","3","1","1"
"1591533990000","Für diese Lektion ist es von Vorteil, wenn du vor dem Rechner sitzt und Word geöffnet hast.Wenn du den Lösungsweg gefunden bzw. gewusst hast, wähle Richtig beantwortete Frage wird nicht mehr wiederholt.","Textverarbeitung mit Word II","2","1","1"
"1603044401000","Wie ein guter Stadtführer gibt auch dieser Kurs Ihnen zunächst eine grobe Orientierung. Was sind die wichtigsten Viertel der Stadt? Bzw. wie heißen die Register und welche Funktionen sind dort zu finden?","Textverarbeitung mit Word III","2","2","1"
"1605025931000","ECDL Modul Computer GrundlagenWird die Lernkarte/Quizfrage 2x richtig beantwortet, dann gilt die Frage als gelernt und erscheint nicht mehr.","Computer Grundlagen 4","1","3","1"
"1605045361000","","Computer Grundlagen 5","1","4","1"
"1605082000000","ECDL Modul Computer GrundlagenWird die Lernkarte/Quizfrage 2x richtig beantwortet, dann gilt die Frage als gelernt und erscheint nicht mehr.","Computer Grundlagen 3","1","2","1"
"1605647856000","Wichtige Themen zu Excel werden hier erläutert und abgefragt.Wird die Lernkarte/Quizfrage 2x richtig beantwortet, dann gilt die Frage als gelernt und erscheint nicht mehr.","Tabellenkalkulation mit Excel","5","0","1"
"1605782153000","Wichtige Begriffe von IT-Security werden erklärt und abgefragt. Diese Lektion eignet sich für das Selbstudium und Testen der Kenntnisse. Wird die Lernkarte/Quizfrage 2x richtig beantwortet, dann gilt die Frage als gelernt und erscheint nicht mehr.","IT-Security Begriffe III","65","3","1"
"1605794091000","ECDL Modul Computer GrundlagenWird die Lernkarte/Quizfrage 2x richtig beantwortet, dann gilt die Frage als gelernt und erscheint nicht mehr.","Computer Grundlagen 2","1","1","1"
"1605804504000","","IT-Security Beispiele","65","7","1"
"1605954168000","","OZ Praktische Beispiele","97","2","1"
"1605980967000","Hier werden die Begriffe von Online-Grundlagen vorgestellt und gelernt.","Online-Grundlagen Begriffe","33","6","1"
"1605982755000","Wenn du den Lösungsweg gefunden bzw. gewusst hast, wähle Richtig beantwortete Frage wird nicht mehr wiederholt. Daneben gibt es noch einige Multiple-Choice-Fragen.","Präsentation mit PowerPoint","34","0","0"
"1606164951000","","IT-Security Begriffe I","65","1","1"
"1606165522000","Wichtige Begriffe von IT-Security werden erklärt und abgefragt. Diese Lektion eignet sich für das Selbstudium und Testen der Kenntnisse. Wird die Lernkarte/Quizfrage 2x richtig beantwortet, dann gilt die Frage als gelernt und erscheint nicht mehr.","IT-Security Theorie I","65","4","1"
"1606222519000","Wird die Lernkarte/Quizfrage 2x richtig beantwortet, dann gilt die Frage als gelernt und erscheint nicht mehr.","IT-Security Theorie II","65","5","1"
"1606934551000","Online-GrundlagenWird die Lernkarte/Quizfrage 2x richtig beantwortet, dann gilt die Frage als gelernt und erscheint nicht mehr.","Online-Grundlagen 2","33","2","1"
"1606934766000","Easy4me Online Zusammenarbeit Quiz 2Wird die Lernkarte/Quizfrage 2x richtig beantwortet, dann gilt die Frage als gelernt und erscheint nicht mehr.","Online Zusammenarbeit I","97","0","1"
"1606934959000","Easy4me Online Zusammenarbeit Quiz 2Wird die Lernkarte/Quizfrage 3x richtig beantwortet, dann gilt die Frage als gelernt und erscheint nicht mehr.","Online Zusammenarbeit II","97","1","1"
"1606935481000","Diese Fragen sind zum Erlernen der Inhalte des ECDL-Moduls Online-Grundlagen geeignet.Wird die Lernkarte/Quizfrage 2x richtig beantwortet, dann gilt die Frage als gelernt und erscheint nicht mehr.","Online-Grundlagen 1","33","0","1"
"1606935628000","Wenn du den Lösungsweg gefunden bzw. gewusst hast, wähle Richtig beantwortete Frage wird nicht mehr wiederholt.Daneben gibt es noch einige Multiple-Choice-Fragen.","Online-Grundlagen Check","33","7","1"
"1606936480000","Online-Grundlagen. Wird die Lernkarte/Quizfrage 2x richtig beantwortet, dann gilt die Frage als gelernt und erscheint nicht mehr.","Online-Grundlagen 3","33","3","1"
"1607532576000","","Online-Grundlagen 4","33","5","1"
"1610441073000","Wichtige Inhalte des ECDL-Moduls Computer Grundlagen werden wiederholt.Wenn du den Lösungsweg gefunden bzw. gewusst hast, wähle Richtig beantwortete Frage wird nicht mehr wiederholt.","Computer Grundlagen Check","1","5","1"
"1611243542000","Theorie über Farbmodelle, Grafikformate, Bildkorrekturen Wird die Lernkarte/Quizfrage 2x richtig beantwortet, dann gilt die Frage als gelernt und erscheint nicht mehr.","Bildbearbeitung I","3","0","1"
"1611864882000","ECDL Modul Computer GrundlagenWird die Lernkarte/Quizfrage 3x richtig beantwortet, dann gilt die Frage als gelernt und erscheint nicht mehr.","Computer Grundlagen 1","1","0","1"
"1611865134000","Wichtige Begriffe von IT-Security werden erklärt und abgefragt. Diese Lektion eignet sich für das Selbstudium und Testen der Kenntnisse. Wird die Lernkarte/Quizfrage 2x richtig beantwortet, dann gilt die Frage als gelernt und erscheint nicht mehr.","IT-Security Begriffe II","65","2","1"
"1611865228000","","IT-Security Theorie III","65","6","1"
"1611865228033","","Testlektion","99","0","1"
"1611865228065","dwwd","Test","129","0","1"
"1653556411000","&lt;p&gt;Bei den Quizfragen k&amp;#246;nne 1, 2, 3 oder 4 Antworten richtig sein!&lt;/p&gt;","Computer basics terms (english)","1","6","1"
"1667487123000","","Computing 1","161","6","1"
"1667489322000","Digitale Grundbildung: Inhalte Computing bzw. Computational Thinking","Computing 2","161","6","1"
"1672725743001","","Künstliche Intelligenz KI, Einstieg","193","0","0"
"1672725743062","Das ist eine Testlektion ohne Fragen.","Testlektion","257","0","1"
"1672725743066","","Grundlagen von KI","258","0","1"
"1672725743078","","Grundlagen von KI","193","0","1"
"1672725743079","","Technische Konzepte","193","0","1"
"1672725743080","","Anwendungen von KI","193","0","1"
"1672725743081","","Herausforderungen und Potenziale","193","0","1"
